{
  "publicPath": "/assets/",
  "all": [
    "2.31751565.js",
    "2.c7d92230.css",
    "3.72df6c2c.js",
    "3.c9c6659f.css",
    "4.2e918a02.css",
    "4.85da72cf.js",
    "app.71ea176d.css",
    "app.9746c137.js",
    "index.html",
    "vendor.1de2257a.js"
  ],
  "initial": [
    "vendor.1de2257a.js",
    "app.71ea176d.css",
    "app.9746c137.js"
  ],
  "async": [
    "2.31751565.js",
    "2.c7d92230.css",
    "3.72df6c2c.js",
    "3.c9c6659f.css",
    "4.2e918a02.css",
    "4.85da72cf.js"
  ],
  "modules": {
    "27050724": [
      6,
      7
    ],
    "32ca1a50": [
      6,
      7
    ],
    "71b58c4f": [
      9
    ],
    "031d45e4": [
      6,
      7
    ],
    "095b6e45": [
      6,
      7
    ],
    "6a1155fa": [
      6,
      7
    ],
    "02f7fb0f": [
      9
    ],
    "746004e1": [
      6,
      7
    ],
    "4b4e184c": [
      6,
      7
    ],
    "732ffd6d": [
      6,
      7
    ],
    "67c77748": [
      6,
      7
    ],
    "0a4f42bb": [
      6,
      7
    ],
    "040fe7fc": [
      6,
      7
    ],
    "7f999db4": [
      6,
      7
    ],
    "19089e7c": [
      6,
      7
    ],
    "13c05548": [
      6,
      7
    ],
    "4bca490a": [
      6,
      7
    ],
    "6f3726d6": [
      9
    ],
    "0e5822b6": [
      6,
      7
    ],
    "8b2028de": [
      6,
      7
    ],
    "72f469a3": [
      6,
      7
    ],
    "3f06971c": [
      6,
      7
    ],
    "118a106d": [
      6,
      7
    ],
    "900076ec": [
      6,
      7
    ],
    "3fdd5bba": [
      6,
      7
    ],
    "2e14672a": [
      6,
      7
    ],
    "9c97ac32": [
      6,
      7
    ],
    "46b9bcc9": [
      6,
      7
    ],
    "c25c04b0": [
      6,
      7
    ],
    "0c03fb07": [
      6,
      7
    ],
    "8fd47fb4": [
      6,
      7
    ],
    "129aad86": [
      6,
      7
    ],
    "70727cf7": [
      6,
      7
    ],
    "9b6ea64a": [
      6,
      7
    ],
    "6314d186": [
      6,
      7
    ],
    "0d56a248": [
      6,
      7
    ],
    "29da5c50": [
      6,
      7
    ],
    "368aab5a": [
      6,
      7
    ],
    "31bd7cfc": [
      6,
      7
    ],
    "63e34fe3": [
      6,
      7
    ],
    "07f7dd30": [
      6,
      7
    ],
    "b3aca604": [
      6,
      7
    ],
    "594f0c7b": [
      9
    ],
    "7f737a4f": [
      9
    ],
    "8b69be1e": [
      6,
      7
    ],
    "00fc5fbf": [
      6,
      7
    ],
    "0df214f4": [
      6,
      7
    ],
    "77b75303": [
      9
    ],
    "9811937a": [
      1,
      0
    ],
    "3f158362": [
      1,
      0
    ],
    "51a8fc80": [
      1,
      0
    ],
    "b7d5cffc": [
      1,
      0
    ],
    "68e4d2e9": [
      3,
      2
    ],
    "61b6ad3b": [
      4,
      5
    ],
    "8d473966": [
      1,
      0
    ],
    "a8124fd0": [
      1,
      0
    ],
    "1cbf19ca": [
      1,
      0
    ],
    "10f66cb8": [
      1,
      0
    ],
    "22c3d21f": [
      3,
      2
    ],
    "3aaaebf1": [
      4,
      5
    ],
    "36ed858c": [
      1,
      0
    ],
    "0e0b9164": [
      3,
      2
    ],
    "2091334c": [
      4,
      5
    ],
    "53461c63": [
      6,
      7
    ],
    "024b71c5": [
      3,
      2
    ],
    "6509b717": [
      4,
      5
    ],
    "cde48444": [
      1,
      0
    ],
    "dd5b10d2": [
      6,
      7
    ],
    "6828a349": [
      6,
      7
    ],
    "0fde57b0": [
      6,
      7
    ],
    "3e39b364": [
      1,
      0
    ],
    "340e293e": [
      1,
      0
    ],
    "2107d9e7": [
      1,
      0
    ]
  }
}