{
  "publicPath": "/assets/",
  "all": [
    "2.affebb35.js",
    "2.c4a8f962.css",
    "3.3ff687fd.css",
    "3.b2fb3714.js",
    "4.2e918a02.css",
    "4.51941871.js",
    "app.192691ea.js",
    "app.965ab286.css",
    "index.html",
    "vendor.9d85d16c.js"
  ],
  "initial": [
    "vendor.9d85d16c.js",
    "app.965ab286.css",
    "app.192691ea.js"
  ],
  "async": [
    "2.affebb35.js",
    "2.c4a8f962.css",
    "3.3ff687fd.css",
    "3.b2fb3714.js",
    "4.2e918a02.css",
    "4.51941871.js"
  ],
  "modules": {
    "59834090": [
      1,
      0
    ],
    "32ca1a50": [
      7,
      6
    ],
    "71b58c4f": [
      9
    ],
    "031d45e4": [
      7,
      6
    ],
    "6a1155fa": [
      7,
      6
    ],
    "02f7fb0f": [
      9
    ],
    "095b6e45": [
      7,
      6
    ],
    "4b4e184c": [
      7,
      6
    ],
    "732ffd6d": [
      7,
      6
    ],
    "0fb0c56c": [
      7,
      6
    ],
    "0a4f42bb": [
      7,
      6
    ],
    "746004e1": [
      7,
      6
    ],
    "040fe7fc": [
      7,
      6
    ],
    "7f999db4": [
      7,
      6
    ],
    "19089e7c": [
      7,
      6
    ],
    "13c05548": [
      7,
      6
    ],
    "4bca490a": [
      7,
      6
    ],
    "6f3726d6": [
      9
    ],
    "0e5822b6": [
      7,
      6
    ],
    "8b2028de": [
      7,
      6
    ],
    "72f469a3": [
      7,
      6
    ],
    "3f06971c": [
      7,
      6
    ],
    "118a106d": [
      7,
      6
    ],
    "900076ec": [
      7,
      6
    ],
    "3fdd5bba": [
      7,
      6
    ],
    "3689d300": [
      7,
      6
    ],
    "2e14672a": [
      7,
      6
    ],
    "9c97ac32": [
      7,
      6
    ],
    "46b9bcc9": [
      7,
      6
    ],
    "c25c04b0": [
      7,
      6
    ],
    "0c03fb07": [
      7,
      6
    ],
    "8fd47fb4": [
      7,
      6
    ],
    "129aad86": [
      7,
      6
    ],
    "70727cf7": [
      7,
      6
    ],
    "9b6ea64a": [
      7,
      6
    ],
    "6314d186": [
      7,
      6
    ],
    "0d56a248": [
      7,
      6
    ],
    "29da5c50": [
      7,
      6
    ],
    "368aab5a": [
      7,
      6
    ],
    "31bd7cfc": [
      7,
      6
    ],
    "63e34fe3": [
      7,
      6
    ],
    "07f7dd30": [
      7,
      6
    ],
    "594f0c7b": [
      9
    ],
    "7f737a4f": [
      9
    ],
    "8b69be1e": [
      7,
      6
    ],
    "00fc5fbf": [
      7,
      6
    ],
    "0df214f4": [
      7,
      6
    ],
    "77b75303": [
      9
    ],
    "79fff488": [
      1,
      0
    ],
    "3f158362": [
      1,
      0
    ],
    "43748c48": [
      1,
      0
    ],
    "176a3ede": [
      2,
      3
    ],
    "61b6ad3b": [
      4,
      5
    ],
    "7f652192": [
      1,
      0
    ],
    "a8124fd0": [
      1,
      0
    ],
    "4b270e92": [
      1,
      0
    ],
    "5d6d83d8": [
      2,
      3
    ],
    "3aaaebf1": [
      4,
      5
    ],
    "36ed858c": [
      1,
      0
    ],
    "0e0b9164": [
      2,
      3
    ],
    "2091334c": [
      4,
      5
    ],
    "53461c63": [
      7,
      6
    ],
    "9135a5b4": [
      7,
      6
    ],
    "9e5e448c": [
      2,
      3
    ],
    "6509b717": [
      4,
      5
    ],
    "dd5b10d2": [
      7,
      6
    ],
    "6828a349": [
      7,
      6
    ],
    "0fde57b0": [
      7,
      6
    ],
    "340e293e": [
      1,
      0
    ],
    "31decfa8": [
      1,
      0
    ]
  }
}